"Gene","gRNA","p_value"
"EGFL7","SNP-29-2",0.764235330511349
"TMCO3","SNP-3-1",5.86043349733584e-08
"ANK1","SNP-61-1",9.3056713234611e-17
"NDUFS8","SNP-60-1",0.0176108118795521
"TCIRG1","SNP-60-1",0.0346711085102644
"CD52","SNP-21-2",NA
"TFRC","SNP-26-2",3.90843669812252e-05
"SLC7A5","SNP-74-1",2.45781313374046e-08
"CMC1","SNP-80-2",0.335945769141843
"CTSB","SNP-45-2",3.62670899257679e-05
"GFI1B","SNP-63-2",2.99758200990013e-06
"GFI1B","SNP-76-2",0.0914293321586171
"NFE2","SNP-83-2",NA
"PTPRC","SNP-14-2",1.01029240846293e-24
"CD164","SNP-7-2",0.000269421024123605
"GLRX5","SNP-58-2",3.53727861915093e-10
"ANKRD12","SNP-64-2",0.118405748578592
"PTPRC","SNP-13-1",0.00120257832441548
"PDLIM1","SNP-77-2",2.92148869663768e-07
"SLC25A37","SNP-33-1",0.142858614032244
"NUDT4","SNP-62-2",1.13498252239082e-07
"CR1L","SNP-20-2",6.80593546639456e-33
"ACTN4","SNP-34-2",0.00236419793676408
"PTPRC","SNP-12-2",0.00745363639039715
"PIEZO1","SNP-35-1",5.84642324371878e-08
"CTU2","SNP-35-1",2.42040874659627e-20
"TMCO3","SNP-55-1",0.151041035896587
"VEGFB","SNP-53-1",0.000411759488092985
"DHRS13","SNP-59-1",0.00456175447247979
"TLCD1","SNP-59-1",0.549494765667746
"PTPRC","SNP-18-1",NA
"PTPRC","SNP-11-1",2.22406741894931e-05
"TFRC","SNP-22-2",0.135482963066756
"GATA2","SNP-69-2",0.00243183655200257
"ZMYND8","SNP-68-1",0.00298734111661933
"OAZ1","SNP-75-2",4.66834996160783e-08
"PTPRC","SNP-15-2",0.00603941667919644
"APOE","SNP-36-1",0.00747844533905445
"APOC1","SNP-36-1",0.490533910169146
"MAZ","SNP-10-2",1.17998009726149e-06
"CDCA3","SNP-28-2",0.000928670605711506
"ARID1A","SNP-21-1",0.589226051995192
"RNF166","SNP-86-2",0.0553766608303734
"CDT1","SNP-86-2",0.175246720797675
"PIEZO1","SNP-86-2",0.718814644549462
"APRT","SNP-86-2",0.00874387287523552
"GALNS","SNP-86-2",0.875579380342999
"ZC3H18","SNP-86-2",0.256018022785441
"CBFA2T3","SNP-86-2",0.861558881549863
"CTU2","SNP-86-2",0.330705368469413
"MVD","SNP-86-2",0.694947573197749
"TRAPPC2L","SNP-86-2",0.00545030333103674
"SNAI3","SNP-86-2",0.00774444259551419
"ZFPM1","SNP-86-2",0.217476795230203
"CYBA","SNP-86-2",5.00594097984745e-06
"ACTR2","SNP-39-1",0.0151861662650185
"SLC1A4","SNP-39-1",0.714230407071266
"RAB1A","SNP-39-1",0.43245374578116
"SERTAD2","SNP-39-1",0.664989761793109
"CEP68","SNP-39-1",0.970109059954674
"AFTPH","SNP-39-1",0.0297107103875489
"FARP2","SNP-79-1",0.662236479724573
"DTYMK","SNP-79-1",6.32945667904733e-05
"ATG4B","SNP-79-1",0.35592251397423
"THAP4","SNP-79-1",0.0015775307580059
"STK25","SNP-79-1",0.130128540887416
"D2HGDH","SNP-79-1",0.706885067038899
"ING5","SNP-79-1",0.436620202520088
"PASK","SNP-79-1",0.263946000294622
"PPP1R7","SNP-79-1",0.118819046845884
"MTERF4","SNP-79-1",0.842975184065617
"HDLBP","SNP-79-1",0.628817505228127
"KDELR2","SNP-85-1",1.87145395548858e-15
"CCZ1B","SNP-85-1",0.011971140893402
"ZNF316","SNP-85-1",0.0347874525787693
"PMS2","SNP-85-1",0.0359326417312252
"EIF2AK1","SNP-85-1",0.340142453319417
"ZNF12","SNP-85-1",0.0450664888567264
"DAGLB","SNP-85-1",0.716306474884318
"ZDHHC4","SNP-85-1",0.447772358523482
"RAC1","SNP-85-1",2.26041902304616e-08
"CYTH3","SNP-85-1",0.783619953630889
"USP42","SNP-85-1",0.000135444957254161
"AIMP2","SNP-85-1",0.00323990286064984
"AGPAT2","SNP-29-2",3.84502231767939e-05
"ENTR1","SNP-29-2",9.2092310800985e-09
"AJM1","SNP-29-2",0.00467770213821186
"NPDC1","SNP-29-2",0.166857815984606
"CARD9","SNP-29-2",1.85866070862659e-07
"PMPCA","SNP-29-2",4.08573238554372e-12
"INPP5E","SNP-29-2",0.534144704376288
"SEC16A","SNP-29-2",0.847301048013439
"QSOX2","SNP-29-2",0.333706460742661
"TRAF2","SNP-29-2",0.000122928173166859
"SAPCD2","SNP-29-2",0.000322466576354331
"UAP1L1","SNP-29-2",0.215345417305264
"DIPK1B","SNP-29-2",0.0133427203198009
"SNAPC4","SNP-29-2",2.35189754205009e-05
"MAN1B1","SNP-29-2",0.0036171837456139
"DPP7","SNP-29-2",0.000300398773523407
"DNLZ","SNP-29-2",9.34501605635642e-05
"PHPT1","SNP-29-2",2.85989845927182e-06
"PAXX","SNP-29-2",6.92473119413554e-14
"EDF1","SNP-29-2",3.94894302504291e-09
"TMEM141","SNP-29-2",9.45724325598566e-06
"GPSM1","SNP-29-2",0.0758990761240167
"FBXW5","SNP-29-2",0.0374678410042261
"RABL6","SNP-29-2",6.54644717930425e-08
"ABCA2","SNP-29-2",0.865462147829739
"USP21","SNP-8-2",0.703157468737207
"B4GALT3","SNP-8-2",0.307777086690617
"NDUFS2","SNP-8-2",0.139483154743458
"PFDN2","SNP-8-2",4.17719111118068e-06
"TOMM40L","SNP-8-2",0.409068891977217
"NIT1","SNP-8-2",0.0120391008679795
"UFC1","SNP-8-2",4.50932029182712e-05
"DEDD","SNP-8-2",0.188508027369505
"PPOX","SNP-8-2",0.512171842835002
"MPZ","SNP-8-2",0.403977844180082
"F11R","SNP-8-2",0.522802219722018
"FCGR2A","SNP-8-2",0.0852017793332131
"USF1","SNP-8-2",0.0932768493085125
"SDHC","SNP-8-2",5.20025332459247e-06
"DCUN1D2","SNP-3-1",0.470955176870548
"CUL4A","SNP-3-1",0.043040201447852
"PCID2","SNP-3-1",0.00446883320365856
"GRTP1","SNP-3-1",0.146003146507106
"LAMP1","SNP-3-1",0.000512664380461852
"TFDP1","SNP-3-1",0.00310561456646132
"GAS6","SNP-3-1",0.473679592224426
"TFDP1","SNP-2-2",0.294109463899207
"DCUN1D2","SNP-2-2",0.298014171860891
"CUL4A","SNP-2-2",0.432109617887015
"LAMP1","SNP-2-2",0.0663329636948563
"PCID2","SNP-2-2",0.052709889210449
"TMCO3","SNP-2-2",0.521707428858315
"GRTP1","SNP-2-2",0.347353162945236
"NCOA3","SNP-68-2",0.922087970760664
"CD55","SNP-20-2",0.262557315479454
"CD46","SNP-20-2",0.235431379546407
"PPP1R14A","SNP-34-2",0.011305681162998
"SARS2","SNP-34-2",0.188478687525759
"PAK4","SNP-34-2",0.0995482793582361
"YIF1B","SNP-34-2",2.11172190551728e-06
"FBXO27","SNP-34-2",0.59416986416894
"FBXO17","SNP-34-2",0.406474270536509
"NFKBIB","SNP-34-2",0.000255820064176849
"MRPS12","SNP-34-2",1.97739807016898e-08
"PSMD8","SNP-34-2",2.14795403930956e-07
"EIF3K","SNP-34-2",4.68255482407851e-05
"FAM98C","SNP-34-2",0.0178837020152426
"KCNK6","SNP-34-2",0.867938675682628
"ECH1","SNP-34-2",0.113907282565279
"SIRT2","SNP-34-2",0.918446030202173
"DPF1","SNP-34-2",0.888834605955607
"HNRNPL","SNP-34-2",3.99191290970528e-05
"GINS4","SNP-61-1",2.24061806360722e-05
"IKBKB","SNP-61-1",0.827698984995845
"AP3M2","SNP-61-1",0.532826908867224
"KAT6A","SNP-61-1",0.280889331478153
"GPAT4","SNP-61-1",0.0940356947218403
"GOLGA7","SNP-61-1",0.0176387889735952
"LRP5","SNP-60-1",0.0834653384688915
"PPP6R3","SNP-60-1",0.802865624496348
"GSTP1","SNP-60-1",0.947177262829487
"NUDT8","SNP-60-1",0.347269567690261
"KMT5B","SNP-60-1",0.258522965199111
"CHKA","SNP-60-1",0.934287417702461
"NDUFV1","SNP-60-1",0.973868218211516
"C11orf24","SNP-60-1",0.00419338297949142
"SH3BGRL3","SNP-21-2",0.000124396524034727
"CEP85","SNP-21-2",0.934618268259161
"DHDDS","SNP-21-2",0.253475445359229
"HMGN2","SNP-21-2",0.0101266086157056
"AUNIP","SNP-21-2",0.00590062329516744
"PDIK1L","SNP-21-2",0.56803782675892
"UBXN11","SNP-21-2",0.268360335451196
"CRYBG2","SNP-21-2",0.66590314027297
"STMN1","SNP-21-2",1.55547917436809e-05
"FAM110D","SNP-21-2",0.0421109233300363
"ZNF593","SNP-21-2",3.12862720416265e-08
"PIGV","SNP-21-2",0.581062625536201
"PAFAH2","SNP-21-2",0.226712717319519
"RPS6KA1","SNP-21-2",0.180197299754461
"MLF2","SNP-28-1",2.10219256857183e-05
"MRPL51","SNP-28-1",0.000601478021826415
"LTBR","SNP-28-1",0.0952672038877899
"TPI1","SNP-28-1",9.24637934652687e-08
"COPS7A","SNP-28-1",0.0267320052514769
"GAPDH","SNP-28-1",2.9927417538418e-11
"NCAPD2","SNP-28-1",0.193614968258137
"LPAR5","SNP-28-1",0.00399955381518024
"PTMS","SNP-28-1",4.79206023823953e-08
"P3H3","SNP-28-1",0.0128871906853937
"ZNF384","SNP-28-1",0.52245810186938
"ACRBP","SNP-28-1",0.00549865767691139
"SPSB2","SNP-28-1",0.276492675442402
"NOP2","SNP-28-1",0.173260459622113
"CHD4","SNP-28-1",0.0416029095625318
"USP5","SNP-28-1",0.165990835112891
"ING4","SNP-28-1",0.169494697411282
"CD9","SNP-28-1",0.0483910294359703
"TNFRSF1A","SNP-28-1",0.00248327167788929
"ZDHHC19","SNP-26-2",0.814124968223446
"PCYT1A","SNP-26-2",0.772967325890091
"TM4SF19","SNP-26-2",0.178044714837668
"FBXO45","SNP-26-2",0.440909430363257
"UBXN7","SNP-26-2",0.640088375118936
"RNF168","SNP-26-2",0.309970821334664
"WDR53","SNP-26-2",0.503047596732346
"TNK2","SNP-26-2",0.792218900461577
"BANP","SNP-74-1",0.294074499868544
"KLHDC4","SNP-74-1",0.14675212165682
"MAP1LC3B","SNP-74-1",0.0668041130382806
"FBXO31","SNP-74-1",0.278108720632899
"CA5A","SNP-74-1",0.24608888648829
"ZCCHC14","SNP-74-1",0.1372926419598
"AZI2","SNP-80-2",0.000627506583992487
"TNFRSF1A","SNP-27-1",0.964782729768302
"CD9","SNP-27-1",0.00121492350477519
"COPS7A","SNP-27-1",0.857498061437602
"MRPL51","SNP-27-1",0.00261931841170546
"CHD4","SNP-27-1",0.821607761458594
"LPAR5","SNP-27-1",0.134191324446664
"MLF2","SNP-27-1",2.05314920486974e-05
"PTMS","SNP-27-1",2.87452629472211e-05
"ING4","SNP-27-1",0.0415491291197638
"NOP2","SNP-27-1",0.915576687328158
"ZNF384","SNP-27-1",0.891848605137964
"ACRBP","SNP-27-1",0.00578245503473928
"P3H3","SNP-27-1",0.509202377301013
"LTBR","SNP-27-1",0.655839802936852
"NCAPD2","SNP-27-1",0.126461448886492
"GAPDH","SNP-27-1",0.000106645404813805
"PCBD2","SNP-78-2",0.86447303583318
"PITX1","SNP-78-2",0.391068910154378
"RRP12","SNP-38-1",0.00023975112351354
"MMS19","SNP-38-1",0.75481438878056
"PI4K2A","SNP-38-1",0.271713842146364
"FRAT2","SNP-38-1",0.206322951146386
"ZDHHC16","SNP-38-1",0.64293780231893
"MORN4","SNP-38-1",0.397587897805773
"MARVELD1","SNP-38-1",0.797969600753784
"ARHGAP19","SNP-38-1",0.00407394980838298
"ZFYVE27","SNP-38-1",0.0334221818929069
"EXOSC1","SNP-38-1",0.074133736097461
"AVPI1","SNP-38-1",0.313319350766815
"PGAM1","SNP-38-1",0.287909328662068
"YY1","SNP-67-2",0.000545078276312994
"WDR25","SNP-67-2",0.587221904024652
"NEIL2","SNP-45-2",0.0953034834286952
"FDFT1","SNP-45-2",0.0024749270526827
"TSC1","SNP-63-2",0.199083361405539
"SPACA9","SNP-63-2",0.739723784254636
"REXO4","SNP-63-2",0.0109866747891303
"MED22","SNP-63-2",0.190259259052028
"SURF4","SNP-63-2",4.76524053246911e-05
"SURF1","SNP-63-2",0.058705891237145
"CACFD1","SNP-63-2",0.991276277750452
"RALGDS","SNP-63-2",0.939448978165679
"SURF6","SNP-63-2",1.88352842191353e-06
"DDX31","SNP-63-2",0.051174691206093
"RPL7A","SNP-63-2",2.20488616830389e-11
"SURF2","SNP-63-2",9.3467927125205e-11
"GTF3C5","SNP-63-2",0.0117481539213334
"GTF3C4","SNP-63-2",0.00333081357321439
"NAA40","SNP-53-2",0.431571404408056
"COX8A","SNP-53-2",1.50752779423586e-12
"STIP1","SNP-53-2",2.4097675152924e-05
"CCDC88B","SNP-53-2",0.018679803266997
"ESRRA","SNP-53-2",5.82279198823256e-05
"PRDX5","SNP-53-2",0.115913688434794
"FERMT3","SNP-53-2",0.0348796506516957
"DNAJC4","SNP-53-2",0.19645007971157
"TRMT112","SNP-53-2",1.27095763509362e-09
"MARK2","SNP-53-2",2.21093151746498e-05
"FKBP2","SNP-53-2",0.171948484596541
"RPS6KA4","SNP-53-2",0.616092618611357
"MACROD1","SNP-53-2",0.00379737697188747
"OTUB1","SNP-53-2",2.68115270710911e-06
"PLCB3","SNP-53-2",0.854394823918772
"TRPT1","SNP-53-2",0.00423659912452328
"SPINDOC","SNP-53-2",0.546727208083344
"BAD","SNP-53-2",0.438000784547082
"GPR137","SNP-53-2",0.290551222286468
"CATSPERZ","SNP-53-2",0.000145385505155896
"PPP1R14B","SNP-53-2",9.24765722494943e-08
"NUDT22","SNP-53-2",9.22528277424072e-05
"NEK7","SNP-12-2",0.30628902936402
"GTF3C5","SNP-76-2",0.000227963836755577
"MED22","SNP-76-2",0.143564674456456
"SURF6","SNP-76-2",0.0172002462036984
"RPL7A","SNP-76-2",4.80686084322526e-06
"GTF3C4","SNP-76-2",0.0112696571754895
"SURF4","SNP-76-2",0.0436832398063754
"CACFD1","SNP-76-2",0.481622764532404
"TSC1","SNP-76-2",0.459136223882838
"REXO4","SNP-76-2",0.00391983097149768
"SPACA9","SNP-76-2",0.302635312926383
"DDX31","SNP-76-2",0.104052129253318
"RALGDS","SNP-76-2",0.139388454182639
"SURF1","SNP-76-2",0.0610188280770555
"SURF2","SNP-76-2",2.42879503173019e-07
"CDT1","SNP-73-1",0.028529848694043
"CBFA2T3","SNP-73-1",0.528785667371363
"ACSF3","SNP-73-1",0.0506258896383623
"GALNS","SNP-73-1",0.189032309481503
"CYBA","SNP-73-1",2.16608266481606e-05
"TRAPPC2L","SNP-73-1",0.000620844166023054
"MVD","SNP-73-1",0.519699884455984
"APRT","SNP-73-1",0.000659748829395202
"SNAI3","SNP-73-1",0.18059261395079
"PIEZO1","SNP-73-1",0.385167629840069
"RNF166","SNP-73-1",0.0514376628034047
"ZNF778","SNP-73-1",0.0321350735152712
"ZC3H18","SNP-73-1",0.0491188467561558
"CTU2","SNP-73-1",0.365320193570593
"CTSZ","SNP-48-1",0.162806524128864
"TUBB1","SNP-48-1",0.00481049004123132
"PRELID3B","SNP-48-1",0.0111034249083517
"STX16","SNP-48-1",0.602539672024201
"NELFCD","SNP-48-1",0.650602035164642
"ATP5F1E","SNP-48-1",0.000116587053476243
"GNAS","SNP-48-1",0.000535904194229984
"SMUG1","SNP-83-2",0.0278126248647683
"CBX5","SNP-83-2",0.387651920813013
"HOXC8","SNP-83-2",0.430702319857789
"HOXC9","SNP-83-2",0.756200791159268
"COPZ1","SNP-83-2",0.000167640163664946
"ZNF385A","SNP-83-2",0.0372304390659208
"HOXC6","SNP-83-2",0.284670662854272
"ITGA5","SNP-83-2",0.771153823434998
"GTSF1","SNP-83-2",0.0234330192505452
"NCKAP1L","SNP-83-2",0.963637622431885
"HNRNPA1","SNP-83-2",0.0542334467857326
"LAMP1","SNP-5-2",0.0532431915472471
"DCUN1D2","SNP-5-2",0.822793279560731
"TFDP1","SNP-5-2",0.0118988361321973
"TMCO3","SNP-5-2",0.710179054480633
"GRTP1","SNP-5-2",0.0248214440544217
"PCID2","SNP-5-2",0.00165167032370307
"CUL4A","SNP-5-2",0.041631786160662
"DYNLL1","SNP-81-2",0.980829474736483
"TRIAP1","SNP-81-2",0.865529119625387
"SRSF9","SNP-81-2",0.259954417005051
"SPPL3","SNP-81-2",0.891903683016715
"POP5","SNP-81-2",0.247356798163452
"RPLP0","SNP-81-2",0.0165369354388541
"COQ5","SNP-81-2",0.361680656291011
"PXN","SNP-81-2",0.861783819120793
"GCN1","SNP-81-2",0.446709624755865
"UNC119B","SNP-81-2",0.783528295267553
"SIRT4","SNP-81-2",0.514032973788846
"RNF10","SNP-81-2",0.870669031436201
"RAB35","SNP-81-2",0.661424366673391
"COX6A1","SNP-81-2",0.181825279728088
"ACADS","SNP-81-2",0.633749740676019
"GATC","SNP-81-2",0.815634377955827
"MLEC","SNP-81-2",0.956967653573912
"DOT1L","SNP-75-2",0.83023958531803
"ADAT3","SNP-75-2",0.240447527156335
"BTBD2","SNP-75-2",0.513813937630489
"ABHD17A","SNP-75-2",0.176821661993621
"PLEKHJ1","SNP-75-2",0.0023100272690226
"LSM7","SNP-75-2",2.31207334705823e-05
"AP3D1","SNP-75-2",0.0532035214363381
"MOB3A","SNP-75-2",0.0170431758587801
"LMNB2","SNP-75-2",0.015031352246418
"TIMM13","SNP-75-2",2.25677512473157e-05
"SPPL2B","SNP-75-2",0.98100840228172
"MKNK2","SNP-75-2",0.870647537747302
"SF3A2","SNP-75-2",0.11945536162966
"AMH","SNP-75-2",0.374879814641884
"KLF16","SNP-75-2",0.221525836237468
"REXO1","SNP-75-2",0.164648833224315
"CSNK1G2","SNP-75-2",0.0623174136299048
"SCAMP4","SNP-75-2",0.663200152837572
"RAB1A","SNP-82-2",0.0975014690163084
"SERTAD2","SNP-82-2",0.95095787233561
"SLC1A4","SNP-82-2",0.143305141782397
"CEP68","SNP-82-2",0.573753762709766
"AFTPH","SNP-82-2",0.623310627501777
"ACTR2","SNP-82-2",0.0353474537231565
"CYBA","SNP-35-1",0.000293631499495517
"MVD","SNP-35-1",0.000728032733279357
"GALNS","SNP-35-1",0.750460560553018
"ZFPM1","SNP-35-1",0.0906505737061604
"ACSF3","SNP-35-1",0.000151105450265231
"TRAPPC2L","SNP-35-1",0.000899536915628524
"CDT1","SNP-35-1",0.164926587827639
"APRT","SNP-35-1",1.06564319782946e-07
"CBFA2T3","SNP-35-1",0.20608715615242
"ZNF778","SNP-35-1",0.12913007484563
"RNF166","SNP-35-1",0.0169335953714463
"SNAI3","SNP-35-1",0.507346535183328
"ZC3H18","SNP-35-1",0.0610102073990709
"TFDP1","SNP-55-1",0.956612245701966
"GRTP1","SNP-55-1",0.346273067663086
"LAMP1","SNP-55-1",0.734819876611844
"CUL4A","SNP-55-1",0.233919722987911
"PCID2","SNP-55-1",0.196568557654354
"GAS6","SNP-55-1",0.850007426082681
"DCUN1D2","SNP-55-1",0.811838606442887
"PCYT1A","SNP-24-2",0.00913139352460309
"ZDHHC19","SNP-24-2",0.110380005428493
"RNF168","SNP-24-2",0.149890762284566
"WDR53","SNP-24-2",0.892398752677032
"TFRC","SNP-24-2",0.607734137605306
"TNK2","SNP-24-2",0.991758555611574
"UBXN7","SNP-24-2",0.755432267113118
"FBXO45","SNP-24-2",0.360701819659443
"TM4SF19","SNP-24-2",0.462046677720903
"NEK7","SNP-14-2",0.450868720402507
"ABRAXAS2","SNP-47-1",0.139587660765072
"LHPP","SNP-47-1",0.473632040744766
"FAM53B","SNP-47-1",0.787991863195361
"OAT","SNP-47-1",0.89832734587753
"EEF1AKMT2","SNP-47-1",0.752289690715448
"CTBP2","SNP-47-1",0.410028585552288
"DCUN1D2","SNP-4-1",0.212758650882032
"TMCO3","SNP-4-1",0.619680722555407
"LAMP1","SNP-4-1",0.104307341628401
"TFDP1","SNP-4-1",0.586375065016526
"ATP11A","SNP-4-1",0.926124466368437
"PCID2","SNP-4-1",0.717900720723358
"GRTP1","SNP-4-1",0.0317178771119252
"CUL4A","SNP-4-1",0.362092884715825
"ERAL1","SNP-59-1",2.11629807021839e-05
"FLOT2","SNP-59-1",0.631399461813544
"RPL23A","SNP-59-1",5.63450894676243e-05
"KIAA0100","SNP-59-1",0.764757765972548
"NUFIP2","SNP-59-1",0.964216529787541
"ALDOC","SNP-59-1",0.361668784130964
"SUPT6H","SNP-59-1",0.292868115862038
"MYO18A","SNP-59-1",0.910688652811376
"TRAF4","SNP-59-1",0.0830243690475008
"UNC119","SNP-59-1",0.0113652035992214
"RSKR","SNP-59-1",0.560027141475549
"SLC46A1","SNP-59-1",0.47006535860763
"SDF2","SNP-59-1",0.230354506249962
"PROCA1","SNP-59-1",0.34291121203173
"FAM222B","SNP-59-1",0.672967166379223
"PIGS","SNP-59-1",0.00614301278098651
"PHF12","SNP-59-1",0.917387663434087
"SPAG5","SNP-59-1",0.988533638460645
"GLUL","SNP-57-1",0.969093493797886
"RNASEL","SNP-57-1",4.31800494958544e-05
"NPL","SNP-57-1",0.395541955562397
"PTPRC","SNP-16-2",0.662240156524949
"CEP57L1","SNP-7-2",0.537997741037397
"SESN1","SNP-7-2",0.613090106196142
"PPIL6","SNP-7-2",0.261133886939207
"ZBTB24","SNP-7-2",0.154606613726402
"MICAL1","SNP-7-2",0.832704718729591
"DICER1","SNP-58-2",0.786792165485079
"ZBTB24","SNP-6-2",4.64676997088937e-05
"PTPRC","SNP-17-1",0.0415996051092028
"CEP57L1","SNP-6-2",0.85038756999501
"SESN1","SNP-6-2",0.952179513516992
"CD164","SNP-6-2",0.0284003410085407
"PPIL6","SNP-6-2",0.0896143335733532
"MICAL1","SNP-6-2",0.666663458181138
"NDUFV2","SNP-64-2",0.0934567780680293
"MTCL1","SNP-64-2",0.37723283823963
"PPP4R1","SNP-64-2",0.964961740769589
"RALBP1","SNP-64-2",0.176262079921745
"TWSG1","SNP-64-2",0.104990346625794
"ZNF296","SNP-36-1",0.00172968432315135
"CLASRP","SNP-36-1",0.327675136313598
"BCL3","SNP-36-1",0.940577382144388
"TRAPPC6A","SNP-36-1",0.659745938469996
"GEMIN7","SNP-36-1",0.119832533862416
"RELB","SNP-36-1",0.130492014278417
"EXOC3L2","SNP-36-1",0.521929798522548
"KLC3","SNP-36-1",0.0552519939476403
"NECTIN2","SNP-36-1",0.891910889285429
"BLOC1S3","SNP-36-1",0.0289244861795016
"CLPTM1","SNP-36-1",0.270472891056472
"PVR","SNP-36-1",0.639879152547378
"PPP1R37","SNP-36-1",0.213278648432481
"ERCC2","SNP-36-1",0.817699965192592
"PPP1R13L","SNP-36-1",0.6702862865068
"ZNF180","SNP-36-1",0.486540052374041
"MARK4","SNP-36-1",0.820559065126282
"NEK7","SNP-18-1",0.266778527806192
"HK1","SNP-49-1",0.512884341274448
"SUPV3L1","SNP-49-1",0.443189452436669
"VPS26A","SNP-49-1",0.414943242060807
"DDX21","SNP-49-1",0.0529009118661278
"FAM241B","SNP-49-1",0.435283001011449
"SRGN","SNP-49-1",0.00307069290886758
"DDX50","SNP-49-1",0.559133154441
"ACTR2","SNP-50-2",0.00473025587941305
"SLC1A4","SNP-50-2",0.131094672788751
"SPRED2","SNP-50-2",0.244108458861597
"CEP68","SNP-50-2",0.38399783909694
"RAB1A","SNP-50-2",0.0321371838606774
"SLC29A1","SNP-87-1",0.897107965061544
"GTPBP2","SNP-87-1",0.155999728992774
"VEGFA","SNP-87-1",0.106931119203149
"MAD2L1BP","SNP-87-1",0.00552897680492472
"POLH","SNP-87-1",0.355999514100199
"HSP90AB1","SNP-87-1",0.00901073573346617
"ABCC10","SNP-87-1",0.0461650612764904
"ZNF318","SNP-87-1",0.0022586053647548
"TJAP1","SNP-87-1",0.854476979683405
"XPO5","SNP-87-1",0.466062416741633
"MRPS18A","SNP-87-1",0.00601211013560427
"TMEM63B","SNP-87-1",0.202341850197779
"YIPF3","SNP-87-1",0.00570820763187663
"MRPL14","SNP-87-1",0.00112503898779282
"POLR1C","SNP-87-1",0.0215492250706555
"AARS2","SNP-87-1",0.884487534566606
"NFKBIE","SNP-87-1",0.266345530425406
"SLC35B2","SNP-87-1",0.0354733281930085
"MAMSTR","SNP-9-2",0.021419336139047
"CA11","SNP-9-2",0.552760432500282
"SNRNP70","SNP-9-2",0.286804416091896
"RASIP1","SNP-9-2",0.909730512413344
"RUVBL2","SNP-9-2",0.621569033548269
"GRWD1","SNP-9-2",0.617100274994578
"PPP1R15A","SNP-9-2",0.035650388517173
"C19orf73","SNP-9-2",0.168461029355135
"LIN7B","SNP-9-2",0.0143948745275605
"SPHK2","SNP-9-2",0.256824211741266
"BAX","SNP-9-2",0.546883090006112
"GYS1","SNP-9-2",0.714114453218363
"PLEKHA4","SNP-9-2",0.0479653075316867
"NUCB1","SNP-9-2",0.414809832092136
"TRPM4","SNP-9-2",0.815189490197362
"CYTH2","SNP-9-2",0.520297494871875
"CD37","SNP-9-2",0.451671225623113
"FTL","SNP-9-2",8.14528716408456e-06
"RPL18","SNP-9-2",0.0636341500770438
"KDELR1","SNP-9-2",0.131900600696827
"GRIN2D","SNP-9-2",0.727003546899123
"FUT1","SNP-9-2",0.467007854275218
"KCNJ14","SNP-9-2",0.283962769059589
"DBP","SNP-9-2",0.413579148740379
"HRC","SNP-9-2",0.725723872429937
"PPFIA3","SNP-9-2",0.690670046154591
"TEAD2","SNP-9-2",0.0742263999956577
"BCAT2","SNP-9-2",0.133650244207178
"SORBS1","SNP-77-2",0.128179875331933
"TCTN3","SNP-77-2",0.419165287522724
"ALDH18A1","SNP-77-2",0.0211203595345639
"ENTPD1","SNP-77-2",0.849518622095838
"GTDC1","SNP-46-1",0.0296459649109261
"ZEB2","SNP-46-1",0.27808738066492
"ZDHHC19","SNP-22-2",0.134563464411197
"RNF168","SNP-22-2",0.000157099627136404
"WDR53","SNP-22-2",0.323051638628224
"PCYT1A","SNP-22-2",0.67773328687508
"UBXN7","SNP-22-2",0.809989032671766
"TM4SF19","SNP-22-2",0.150036791720612
"FBXO45","SNP-22-2",0.0703544227891329
"TNK2","SNP-22-2",0.600008709270244
"MAP7","SNP-72-1",0.111336465728758
"MAP3K5","SNP-72-1",0.37251383277964
"IFNGR1","SNP-72-1",0.213665573762924
"BCLAF1","SNP-72-1",0.460157241727771
"PEX7","SNP-72-1",0.570383983576963
"RAB7A","SNP-69-2",0.602399810883511
"SEC61A1","SNP-69-2",0.39163710839363
"RPN1","SNP-69-2",0.0961563080015314
"RUVBL1","SNP-69-2",0.735847230018448
"ACAD9","SNP-69-2",0.671452706475795
"BOLA2B","SNP-10-2",0.0249502660329664
"CDIPT","SNP-10-2",8.09072403071218e-05
"PPP4C","SNP-10-2",0.00143845147355591
"TMEM68","SNP-54-1",0.762499959841228
"LYN","SNP-54-1",0.0887906260079797
"TGS1","SNP-54-1",0.291104746953312
"KCTD13","SNP-10-2",0.981664857392897
"KIF22","SNP-10-2",0.659079228509795
"MAPK3","SNP-10-2",0.186988736667395
"PLAG1","SNP-54-1",0.0717541740812762
"CHCHD7","SNP-54-1",0.600227429921946
"HIRIP3","SNP-10-2",0.790441082961263
"INO80E","SNP-10-2",0.157275428060927
"TMEM219","SNP-10-2",0.00827287055307591
"TAOK2","SNP-10-2",0.0400601093961135
"PAGR1","SNP-10-2",0.083871953954679
"MVP","SNP-10-2",0.873367600416911
"ALDOA","SNP-10-2",0.159033687837547
"SEZ6L2","SNP-10-2",0.185453112874907
"YPEL3","SNP-10-2",0.611727797705036
"QPRT","SNP-10-2",0.0189191431949633
"RPS20","SNP-54-1",0.0225977145618364
"BOLA2-SMG1P6","SNP-10-2",0.0820889037199265
"SPN","SNP-10-2",0.50430381583839
"PPP1R2","SNP-23-1",0.359141500906611
"TFRC","SNP-23-1",0.882093511844016
"TM4SF19","SNP-23-1",0.899441581383825
"PCYT1A","SNP-23-1",0.779784007964379
"UBXN7","SNP-23-1",0.107125066142521
"ZDHHC19","SNP-23-1",0.630418952085695
"TNK2","SNP-23-1",0.457233000451322
"PTPRC","SNP-19-1",0.546087159080553
"NEK7","SNP-19-1",0.507963377738531
"TNFRSF10A","SNP-33-1",0.922722767701838
"ENTPD4","SNP-33-1",0.897271063226759
"R3HCC1","SNP-33-1",0.860044231264463
"TNFRSF10B","SNP-33-1",0.244544616697589
"CHMP7","SNP-33-1",0.567429402447532
"LMO2","SNP-37-2",0.330368354463361
"CD59","SNP-37-2",0.0841012182082972
"CAPRIN1","SNP-37-2",0.257256324274858
"FBXO3","SNP-37-2",0.967467974247795
"NAT10","SNP-37-2",0.406239191191813
"FOXP4","SNP-71-1",0.300369104142968
"TAF8","SNP-71-1",0.898832206306359
"MED20","SNP-71-1",0.777152689968408
"BYSL","SNP-71-1",0.877168793172975
"C6orf132","SNP-71-1",0.756522560369542
"USP49","SNP-71-1",0.906814909523296
"MRPS10","SNP-71-1",0.384949385928619
"CCND3","SNP-71-1",0.433319614737503
"C2orf68","SNP-52-2",0.793514319182541
"ELMOD3","SNP-52-2",0.261002738706383
"ST3GAL5","SNP-52-2",0.509924698750651
"TMEM150A","SNP-52-2",0.273653250446535
"RNF181","SNP-52-2",0.0669242167466874
"MAT2A","SNP-52-2",0.190303284178642
"RETSAT","SNP-52-2",0.127740717181044
"VAMP8","SNP-52-2",0.337483358560729
"USP39","SNP-52-2",0.39687902416593
"TGOLN2","SNP-52-2",0.223521714928378
"CAPG","SNP-52-2",0.261943816872879
"GGCX","SNP-52-2",0.61666766653884
"HBE1","SNP-70-2",0.046926772856198
"HBG2","SNP-70-2",0.0891758927758942
"TRIM6","SNP-70-2",0.0379281684771067
"OR51J1","SNP-70-2",0.336665281254393
"HBG1","SNP-70-2",0.652340387933198
"TRIM5","SNP-70-2",0.171760399950539
"OR51I2","SNP-70-2",0.82968184358931
"OR51B5","SNP-70-2",0.135020521780149
"OR52A5","SNP-70-2",0.598118445316332
"HBD","SNP-70-2",0.870659768223227
"OR52A1","SNP-70-2",0.686969960736957
"OR51B4","SNP-70-2",0.850420162923958
"REXO2","SNP-30-2",0.0231621603510481
"RBM7","SNP-30-2",0.858902449734137
"NNMT","SNP-30-2",0.942760587602458
"ZW10","SNP-30-2",0.241431737713436
"USP28","SNP-30-2",0.419390270914766
"PSMC5","SNP-1-2",0.0485387458571809
"MILR1","SNP-1-2",0.0517872439414127
"DDX5","SNP-1-2",0.33502747520015
"DDX42","SNP-1-2",0.0142831979308936
"SMARCD2","SNP-1-2",0.944245833154988
"STRADA","SNP-1-2",0.0155479904003099
"ERN1","SNP-1-2",0.56061411568479
"TEX2","SNP-1-2",0.987105325444265
"POLG2","SNP-1-2",0.0366894636259051
"ICAM2","SNP-1-2",0.991767977664569
"SMURF2","SNP-1-2",0.857850292544137
"CCDC47","SNP-1-2",0.198293409885063
"FTSJ3","SNP-1-2",0.733661618051342
"CEP95","SNP-1-2",0.39963567948756
"TNFRSF8","SNP-56-2",0.649592149285462
"KIAA2013","SNP-56-2",0.321453984307782
"FBXO44","SNP-56-2",0.138871109504537
"AGTRAP","SNP-56-2",0.100752550567869
"MTHFR","SNP-56-2",0.465260656228994
"CLCN6","SNP-56-2",0.898371766613247
"MAD2L2","SNP-56-2",0.0176722848061505
"MIIP","SNP-56-2",0.421083982086089
"TNFRSF1B","SNP-56-2",0.384180320905968
"PLOD1","SNP-56-2",0.653052692225279
"VPS13D","SNP-56-2",0.590245503680753
"FBXO2","SNP-56-2",0.506239623703619
"FBXO6","SNP-56-2",0.984950223148061
"MFN2","SNP-56-2",0.634769471731399
"TNFRSF10A","SNP-32-1",0.557341770983971
"TNFRSF10B","SNP-32-1",0.283525261147358
"R3HCC1","SNP-32-1",0.376500767133757
"ENTPD4","SNP-32-1",0.655163510754415
"CHMP7","SNP-32-1",0.682885209459845
"SLC25A37","SNP-32-1",0.300879801580514
"SLC43A3","SNP-42-2",0.0910965043964938
"SSRP1","SNP-42-2",0.479931431222478
"SELENOH","SNP-42-2",0.0355323570794955
"TNKS1BP1","SNP-42-2",0.284647036720126
"CTNND1","SNP-42-2",0.271574918547186
"CLP1","SNP-42-2",0.913409842241582
"TMX2","SNP-42-2",0.529223287330988
"ZDHHC5","SNP-42-2",0.28423515624844
"TIMM10","SNP-42-2",0.604396868225343
"UBE2L6","SNP-42-2",0.494015566626426
"MED19","SNP-42-2",0.477791705959451
"SLC43A1","SNP-42-2",0.916564410054292
"MRFAP1","SNP-41-2",0.125236363082135
"MAN2B2","SNP-41-2",0.0134715875742475
"BLOC1S4","SNP-41-2",0.860270743282204
"GRPEL1","SNP-41-2",0.159697815944478
"MRFAP1L1","SNP-41-2",0.359286110747548
"TBC1D14","SNP-41-2",0.260858795773267
"TADA2B","SNP-41-2",0.937060315949972
"KIAA0232","SNP-41-2",0.332058812824833
"TECPR2","SNP-40-2",0.787915638213572
"WDR20","SNP-40-2",0.094409163102133
"CDC42BPB","SNP-40-2",0.320372038275386
"HSP90AA1","SNP-40-2",0.144430679803475
"ANKRD9","SNP-40-2",0.238278131279965
"CINP","SNP-40-2",0.733316768566156
"TRAF3","SNP-40-2",0.306208905886674
"RCOR1","SNP-40-2",0.577499561665365
"ZNF839","SNP-40-2",0.533110396617493
"CRADD","SNP-62-2",0.0019006340170327
"UBE2N","SNP-62-2",0.00415671506008144
"MRPL42","SNP-62-2",0.0138293343982713
"SOCS2","SNP-62-2",0.198694602648
"EEA1","SNP-62-2",0.00703045473595632
"PARP1","SNP-88-2",0.566063816825281
"LIN9","SNP-88-2",0.929762662892537
"SDE2","SNP-88-2",0.267399296647529
"MIXL1","SNP-88-2",0.212368202841404
"PYCR2","SNP-88-2",0.1079605959211
"ACBD3","SNP-88-2",0.689926142325291
"TMEM63A","SNP-88-2",0.896894572946409
