"target_name","target_mean","target_non_zero_count"
"SNP-11_1",0.0912943129445856,4064
"SNP-11_2",0.0605109685686619,1432
"SNP-1_1",0.0736601454709604,1654
"SNP-26_2",1.32217667659286,27708
"SNP-26_1",0.249484881358894,4186
"SNP-1_2",0.0517739739491944,1483
"SNP-28_1",1.96898366910089,33662
"SNP-28_2",0.763351219902874,17165
"SNP-20_1",0.0336811142580471,1076
"SNP-20_2",3.40598629748011,44128
"SNP-82_1",0.267446686130749,7863
"SNP-13_2",0.804524307047114,15860
"SNP-13_1",0.222589499588633,6120
"SNP-82_2",0.446205596045054,11223
"SNP-55_2",0.210692625248458,5077
"SNP-80_2",0.491980167022214,11016
"SNP-80_1",1.45574348183797,23082
"SNP-75_2",0.415982875490546,11423
"SNP-75_1",0.00196582378938018,211
"SNP-22_2",1.29429110209906,23765
"SNP-22_1",0.174834543164394,4329
"SNP-86_1",0.0983203127844074,3603
"SNP-74_2",0.0876975834929048,2852
"SNP-86_2",7.07493429051963,59563
"SNP-49_2",0.00552614909681318,355
"SNP-58_1",0.0221191580449518,856
"SNP-58_2",1.15067675304157,18858
"SNP-49_1",0.505966639242211,11357
"SNP-7_2",1.21941505821023,21797
"SNP-7_1",0.083904271662286,2461
"SNP-36_1",0.25710062833553,7519
"SNP-36_2",0.00161634400460148,168
"SNP-53_2",0.748330869986239,16097
"SNP-53_1",0.346436398319585,10636
"SNP-74_1",2.54829009734468,37295
"SNP-34_2",1.88587300778321,30665
"SNP-34_1",0.295601651291983,7326
"SNP-5_1",0.0148965758261921,1237
"SNP-5_2",0.266005082018537,7907
"SNP-55_1",0.522923689632828,11199
"SNP-24_2",0.74634320371031,16524
"SNP-85_2",0.0197747311553947,589
"SNP-85_1",2.4479602757978,37081
"HSPA8-2",0.696535053550496,15206
"SNP-32_1",0.0574311779652996,1552
"SNP-32_2",0,0
"HSPA8-1",2.31581323217835,34822
"SNP-15_1",0.00463788797716732,190
"SNP-3_2",0.343968197339585,10245
"SNP-3_1",2.14360706822865,38410
"SNP-15_2",0.713011569237042,13475
"SNP-51_1",2.18424865486687e-05,3
"CD55-8",0.0114163396361042,931
"SNP-17_2",0.569411781837244,12707
"SNP-17_1",0.565676716637422,12037
"CD55-9",0.0245509548807036,916
"SNP-41_2",0.332945022461357,6479
"SNP-57_2",0.00246820097999956,242
"SNP-57_1",1.24706764618084,23079
"SNP-41_1",0.0348460468739761,1013
"SNP-51_2",0.000109212432743344,15
"SNP-30_2",0.123584788892368,2929
"SNP-30_1",0.125827284178031,2628
"SNP-73_2",0.0755385993141459,3165
"SNP-25_1",8.00891173451186e-05,10
"SNP-25_2",0.00208231705097308,224
"SNP-19_1",0.764530714176502,16659
"SNP-8_1",0.242619059753762,8589
"SNP-8_2",4.71674663443686,52566
"SNP-19_2",0.0345256904045957,730
"RPL22-2",0.132525646719623,4047
"RPL22-1",1.07537842107946,22529
"SNP-27_2",0.365024354372502,8106
"SNP-27_1",1.94597624993629,35506
"CD55-3",0.000225705694336243,29
"SNP-65_1",0.00179836472584039,108
"SNP-65_2",0.0012814258775219,92
"CD55-10",0,0
"SNP-21_1",0.178977334779791,3989
"SNP-21_2",2.08104290592441,37106
"SNP-12_2",1.20952769263253,25116
"SNP-83_1",0.0132802318215906,685
"SNP-83_2",0.27924162886703,7058
"SNP-12_1",0.309704616773573,8546
"NTC-12",2.84713899830357,39951
"SNP-81_2",0.726138903652792,17730
"SNP-81_1",0.000575185479114942,57
"SNP-38_2",0.31944636577428,8083
"NTC-11",0.0450100839479567,1210
"SNP-38_1",1.91342366414993,31094
"NTC-10",0.372370710681704,7638
"SNP-23_2",0,0
"SNP-23_1",0.128535752510066,4149
"SNP-71_2",0.00412822995769838,198
"SNP-71_1",0.0794192810909594,2490
"SNP-6_2",0.176225181474659,4423
"SNP-35_2",0.0445368300727355,1571
"SNP-35_1",0.164867088469351,5481
"SNP-6_1",0.441939030339214,10395
"SNP-77_1",0.0995289303734337,2741
"SNP-77_2",0.564424414075298,13858
"SNP-33_1",0.2075545880143,4362
"SNP-33_2",0.0105426401741574,516
"SNP-4_1",0.465885676425404,13008
"SNP-4_2",0.074766831456093,2911
"SNP-24_1",0.167371693593599,3574
"SNP-2_2",2.47288983377868,36793
"SNP-14_1",0.168784174390413,4161
"SNP-14_2",0.755917493647477,19503
"SNP-2_1",0.230241650709517,6097
"SNP-31_2",0.00200222793362796,142
"SNP-31_1",0.00535869003327339,191
"SNP-16_2",0.285634196596941,6535
"SNP-16_1",2.18424865486687e-05,3
"SNP-61_1",4.00781232935557,45835
"SNP-61_2",1.0876975834929,21551
"SNP-9_1",0.0726117061166243,3241
"SNP-62_2",0.0165566048038909,804
"SNP-62_1",0.00786329515752073,466
"SNP-9_2",0.728869214471375,19480
"SNP-45_2",0.514325030761502,14243
"SNP-45_1",0.628794221934225,11892
"SNP-64_1",0.0494732320327346,1618
"SNP-18_1",1.20113289696899,25107
"SNP-18_2",0.47038522865443,9419
"SNP-64_2",0.920952041180368,21980
"CD52-1",0.0241796326093763,977
"NTC-9",2.9023713659563,36707
"CD52-2",0.885523527998427,20316
"CD55-2",0.00017473989238935,23
"SNP-43_1",0.000313075640530918,27
"SNP-43_2",0.000808172002300742,83
"CD55-1",0.147720736528646,4926
"CD55-6",4.36849730973374e-05,5
"CD55-7",1.07955033601025,18720
"CD55-4",2.04080904570176,31435
"CD55-5",0,0
"NTC-7",0.0032108455226543,239
"NTC-6",1.27125455961907,24569
"NTC-5",0.228683553335712,7946
"NTC-4",0.0817127421785696,2746
"NTC-3",3.13030499392051,48242
"NTC-2",2.48049829992646,38946
"NTC-1",0.0179763664295543,1086
"SNP-39_2",0.104276030783344,2230
"SNP-39_1",6.71234901381173,58061
"NTC-8",6.2296955885458,58456
"SNP-63_2",1.57712217958892,27544
"SNP-73_1",2.27726124341995,35875
"SNP-10_1",0.000101931603893787,14
"CD46-2",0.173982686188996,5548
"SNP-37_1",0.146657735516611,4210
"SNP-10_2",0.766511099623581,12144
"PPIA-1",0.0103606194529185,684
"SNP-37_2",0.422368162391607,8696
"SNP-63_1",0.240252790377657,7220
"NMU-2",7.49032013804452,60187
"SNP-70_2",0.0570598556939722,2597
"SNP-70_1",0.000203863207787575,25
"SNP-78_2",0.634808186563958,16923
"SNP-78_1",0.357954669559583,6766
"SNP-76_1",0.0765943194973316,2820
"SNP-76_2",0.589710732669807,11519
"SNP-66_2",0.0103679002817681,732
"SNP-66_1",0.000101931603893787,9
"PPIA-2",8.47076383175461,62214
"SNP-60_1",5.05792627432707,52470
"SNP-60_2",0.123657597180863,4352
"SNP-68_1",0.697474280472089,15600
"SNP-47_1",1.824517463068,34102
"SNP-47_2",0.0201169301113239,836
"SNP-68_2",4.91163258025294,50956
"SNP-44_2",0.0016309056623006,178
"SNP-44_1",0.0125667105943341,1070
"SNP-69_1",0.131047638463163,3606
"SNP-69_2",0.201103773653593,5790
"SNP-87_1",0.299343997320655,6979
"SNP-87_2",0.615994524816705,14748
"SNP-42_1",0.00280311910707915,199
"SNP-42_2",0.0429132052392844,1609
"SNP-29_1",0.549032741887336,11372
"SNP-29_2",2.98706924796319,36880
"SNP-88_2",0.122041253176262,3130
"SNP-88_1",0.00452867554442398,260
"SNP-59_1",0.692778145864125,13756
"SNP-48_2",0.0494732320327346,2190
"SNP-48_1",3.47441152700823,46043
"SNP-59_2",0.407012894347893,8419
"SNP-67_2",0.700765215112088,14739
"SNP-72_1",1.13370514099325,18925
"SNP-72_2",0.329712334452154,8901
"SNP-50_1",0.197630818292354,5197
"SNP-50_2",1.09714809933963,21662
"SNP-79_2",0.0371977545923828,1043
"SNP-79_1",4.60853167524591,52184
"SNP-67_1",1.07422076929238,23013
"SNP-52_2",0.138437679745462,3313
"SNP-52_1",0.0665103715406962,1354
"SNP-84_2",0.000538781334867161,46
"SNP-84_1",0.000939226921592754,61
"CD46-1",0.00177652223929172,130
"SNP-54_1",0.135787458044224,3315
"SNP-54_2",0,0
"SNP-40_2",0.0513516858759201,1612
"SNP-40_1",0.001164932615929,112
"NMU-1",0.0157557136304397,854
"SNP-46_1",0.218453988802085,6207
"SNP-46_2",0.299649792132336,6788
"SNP-56_2",0.0290941920828267,1264
"SNP-56_1",0.0197528886688461,1030
